owner,repo,contributor
tidyverse,dbplyr,jimhester
tidyverse,dbplyr,tdsmith
tidyverse,dbplyr,javierluraschi
tidyverse,dbplyr,ramnathv
tidyverse,dbplyr,edgararuiz
tidyverse,dbplyr,sverchkov
tidyverse,dbplyr,krlmlr
tidyverse,dbplyr,cderv
tidyverse,dbplyr,hadley
tidyverse,dbplyr,jonthegeek
tidyverse,dbplyr,colearendt
tidyverse,dbplyr,batpigandme
tidyverse,dbplyr,chris-park
tidyverse,dbplyr,kevinykuo
tidyverse,dbplyr,sandan
tidyverse,dbplyr,tmastny
tidyverse,dbplyr,mkuehn10
tidyverse,dbplyr,AkhilGNair
tidyverse,dbplyr,mgirlich
tidyverse,dbplyr,lionel-
tidyverse,dbplyr,washcycle
tidyverse,dplyr,romainfrancois
tidyverse,dplyr,jimhester
tidyverse,dplyr,yutannihilation
tidyverse,dplyr,jschelbert
tidyverse,dplyr,quartin
tidyverse,dplyr,lionel-
tidyverse,dplyr,markdly
tidyverse,dplyr,GoldbergData
tidyverse,dplyr,rensa
tidyverse,dplyr,krlmlr
tidyverse,dplyr,batpigandme
tidyverse,dplyr,billdenney
tidyverse,dplyr,sowla
tidyverse,dplyr,suzanbaert
tidyverse,dplyr,s-fleck
tidyverse,dplyr,jonthegeek
tidyverse,dplyr,jasonmhoule
tidyverse,dplyr,petermeissner
tidyverse,dplyr,jennybc
tidyverse,dplyr,kenahoo
tidyverse,dplyr,MichaelChirico
tidyverse,dplyr,apreshill
tidyverse,dplyr,filipefilardi
tidyverse,dplyr,cderv
tidyverse,dplyr,sandan
tidyverse,dplyr,jbao
tidyverse,dplyr,edublancas
tidyverse,dplyr,zeehio
tidyverse,dplyr,jwnorman
tidyverse,dplyr,Nick-Rivera
tidyverse,dplyr,hannesmuehleisen
tidyverse,dplyr,jimvine
tidyverse,dplyr,elben10
tidyverse,dplyr,DataWookie
tidyverse,dplyr,lorenzwalthert
tidyverse,dplyr,lepennec
tidyverse,dplyr,foo-bar-baz-qux
tidyverse,dplyr,saurfang
tidyverse,dplyr,jfcharney
tidyverse,dplyr,hadley
tidyverse,dplyr,davidkane9
tidyverse,dplyr,dgromer
tidyverse,dplyr,ijlyttle
tidyverse,forcats,jimhester
tidyverse,forcats,billdenney
tidyverse,forcats,robinsones
tidyverse,forcats,batpigandme
tidyverse,forcats,jonocarroll
tidyverse,forcats,alistaire47
tidyverse,forcats,jtr13
tidyverse,forcats,gregrs-uk
tidyverse,forcats,jmpsteen
tidyverse,forcats,krlmlr
tidyverse,forcats,BarkleyBG
tidyverse,forcats,eclarke
tidyverse,forcats,wilkox
tidyverse,ggplot2,yutannihilation
tidyverse,ggplot2,lionel-
tidyverse,ggplot2,thomasp85
tidyverse,ggplot2,batpigandme
tidyverse,ggplot2,clauswilke
tidyverse,ggplot2,Bisaloo
tidyverse,ggplot2,dpseidel
tidyverse,ggplot2,has2k1
tidyverse,ggplot2,karawoo
tidyverse,ggplot2,hadley
tidyverse,ggplot2,rsaporta
tidyverse,ggplot2,RichardJActon
tidyverse,ggplot2,stragu
tidyverse,ggplot2,pank
tidyverse,ggplot2,JHonaker
tidyverse,ggplot2,topepo
tidyverse,ggplot2,slowkow
tidyverse,ggplot2,alistaire47
tidyverse,ggplot2,brodieG
tidyverse,ggplot2,jimhester
tidyverse,ggplot2,krlmlr
tidyverse,ggplot2,jiho
tidyverse,ggplot2,gregrs-uk
tidyverse,ggplot2,ilarischeinin
tidyverse,ggplot2,wch
tidyverse,ggplot2,bjreisman
tidyverse,ggplot2,zeehio
tidyverse,ggplot2,malcolmbarrett
tidyverse,ggplot2,jrnold
tidyverse,ggplot2,jemus42
tidyverse,ggplot2,mikmart
tidyverse,ggplot2,dongzhuoer
tidyverse,ggplot2,pkq
tidyverse,ggplot2,dvcv
tidyverse,ggplot2,cpsievert
tidyverse,ggplot2,schloerke
tidyverse,ggplot2,eliocamp
tidyverse,ggplot2,bfgray3
tidyverse,ggplot2,AdeelH
tidyverse,ggplot2,buyske
tidyverse,ggplot2,frostell
tidyverse,ggplot2,burchill
tidyverse,ggplot2,brianwdavis
tidyverse,ggplot2,caijun
tidyverse,ggplot2,luisDVA
tidyverse,ggplot2,nzxwang
tidyverse,ggplot2,erocoar
tidyverse,ggplot2,ruaridhw
tidyverse,ggplot2,mine-cetinkaya-rundel
tidyverse,ggplot2,ZoidbergIII
tidyverse,ggplot2,jan-glx
tidyverse,ggplot2,mvkorpel
tidyverse,ggplot2,HughParsonage
tidyverse,ggplot2,mruessler
tidyverse,ggplot2,hrbrmstr
tidyverse,ggplot2,rmatkins
tidyverse,ggplot2,truemoid
tidyverse,ggplot2,daniel-barnett
tidyverse,ggplot2,econandrew
tidyverse,ggplot2,timgoodman
tidyverse,ggplot2,gregmacfarlane
tidyverse,ggplot2,jentjr
tidyverse,ggplot2,nhamilton1980
tidyverse,ggplot2,gfiumara
tidyverse,ggplot2,foo-bar-baz-qux
tidyverse,ggplot2,landesbergn
tidyverse,ggplot2,mpancia
tidyverse,ggplot2,delferts
tidyverse,ggplot2,Ax3man
tidyverse,ggplot2,mcol
tidyverse,ggplot2,mrtns
tidyverse,ggplot2,hardeepsjohar
tidyverse,ggplot2,edzer
tidyverse,ggplot2,yonicd
tidyverse,ggplot2,ghost
tidyverse,ggplot2,jeffreyhanson
tidyverse,ggplot2,kohske
tidyverse,glue,moodymudskipper
tidyverse,glue,tstev
tidyverse,glue,md0u80c9
tidyverse,glue,kendonB
tidyverse,glue,egnha
tidyverse,glue,jimhester
tidyverse,glue,dpprdan
tidyverse,glue,mine-cetinkaya-rundel
tidyverse,glue,wibeasley
tidyverse,glue,shrektan
tidyverse,glue,batpigandme
tidyverse,glue,jennybc
tidyverse,googledrive,jimhester
tidyverse,googledrive,jennybc
tidyverse,googledrive,batpigandme
tidyverse,googledrive,romunov
tidyverse,googledrive,LucyMcGowan
tidyverse,googlesheets4,jennybc
tidyverse,haven,jimhester
tidyverse,haven,zkamvar
tidyverse,haven,nealrichardson
tidyverse,haven,HughParsonage
tidyverse,haven,oscardssmith
tidyverse,haven,gergness
tidyverse,haven,batpigandme
tidyverse,haven,huftis
tidyverse,haven,larmarange
tidyverse,haven,austensen
tidyverse,haven,maxheld83
tidyverse,haven,lwjohnst86
tidyverse,haven,lorenzwalthert
tidyverse,haven,ecortens
tidyverse,haven,mfansler
tidyverse,haven,cimentadaj
tidyverse,haven,pkq
tidyverse,haven,krlmlr
tidyverse,haven,aghaynes
tidyverse,haven,lionel-
tidyverse,haven,itsdalmo
tidyverse,haven,hadley
tidyverse,haven,diogocp
tidyverse,haven,evanmiller
tidyverse,haven,gorcha
tidyverse,hms,jimhester
tidyverse,hms,evanhaldane
tidyverse,hms,batpigandme
tidyverse,hms,jeroen
tidyverse,lubridate,jimhester
tidyverse,lubridate,moslehi
tidyverse,lubridate,xvrdm
tidyverse,lubridate,robkar
tidyverse,lubridate,drkrynstrng
tidyverse,lubridate,superchordate
tidyverse,lubridate,rnuske
tidyverse,lubridate,hadley
tidyverse,lubridate,billdenney
tidyverse,lubridate,dpseidel
tidyverse,lubridate,batpigandme
tidyverse,lubridate,lambiase
tidyverse,lubridate,jjchern
tidyverse,lubridate,wibeasley
tidyverse,lubridate,gadenbuie
tidyverse,lubridate,QuLogic
tidyverse,lubridate,fbreitwieser
tidyverse,lubridate,schoonees
tidyverse,lubridate,kendonB
tidyverse,lubridate,zeehio
tidyverse,lubridate,shrektan
tidyverse,lubridate,dpocock
tidyverse,magrittr,jimhester
tidyverse,magrittr,cathblatter
tidyverse,magrittr,prosoitos
tidyverse,magrittr,HughParsonage
tidyverse,magrittr,batpigandme
tidyverse,magrittr,pkq
tidyverse,magrittr,bfgray3
tidyverse,magrittr,odeleongt
tidyverse,magrittr,lionel-
tidyverse,magrittr,jepusto
tidyverse,magrittr,leerssej
tidyverse,magrittr,krlmlr
tidyverse,magrittr,mhpedersen
tidyverse,magrittr,tonytonov
tidyverse,magrittr,robertzk
tidyverse,magrittr,Mullefa
tidyverse,magrittr,ctbrown
tidyverse,modelr,jimhester
tidyverse,modelr,batpigandme
tidyverse,modelr,pmenzel
tidyverse,modelr,rorynolan
tidyverse,modelr,samzhang111
tidyverse,modelr,bensoltoff
tidyverse,modelr,jongbinjung
tidyverse,modelr,EllaKaye
tidyverse,modelr,jrnold
tidyverse,modelr,neilmontgomery
tidyverse,modelr,paulponcet
tidyverse,principles,jennybc
tidyverse,principles,lindbrook
tidyverse,purrr,lionel-
tidyverse,purrr,flying-sheep
tidyverse,purrr,jameslamb
tidyverse,purrr,tyluRp
tidyverse,purrr,cfhammill
tidyverse,purrr,namelessjon
tidyverse,purrr,ColinFay
tidyverse,purrr,mikmart
tidyverse,purrr,ilarischeinin
tidyverse,purrr,batpigandme
tidyverse,purrr,cderv
tidyverse,purrr,jrnold
tidyverse,purrr,daniel-barnett
tidyverse,purrr,rmflight
tidyverse,purrr,jennybc
tidyverse,purrr,krlmlr
tidyverse,purrr,jimhester
tidyverse,purrr,prosoitos
tidyverse,purrr,pkq
tidyverse,purrr,keithgw
tidyverse,purrr,edublancas
tidyverse,purrr,jankislinger
tidyverse,purrr,t-kalinowski
tidyverse,purrr,huftis
tidyverse,purrr,AshesITR
tidyverse,purrr,romainfrancois
tidyverse,purrr,mgirlich
tidyverse,purrr,wibeasley
tidyverse,purrr,phaverty
tidyverse,purrr,egnha
tidyverse,purrr,richierocks
tidyverse,readr,EmilHvitfeldt
tidyverse,readr,cimentadaj
tidyverse,readr,jennybc
tidyverse,readr,jimhester
tidyverse,readr,osorensen
tidyverse,readr,KKulma
tidyverse,readr,jiho
tidyverse,readr,wibeasley
tidyverse,readr,namelessjon
tidyverse,readr,QuLogic
tidyverse,readr,billdenney
tidyverse,readr,s-fleck
tidyverse,readr,kos59125
tidyverse,readr,mikmart
tidyverse,readr,batpigandme
tidyverse,readr,cderv
tidyverse,readr,gregrs-uk
tidyverse,readr,isomorphisms
tidyverse,readr,yutannihilation
tidyverse,readr,kwstat
tidyverse,readr,ryanatanner
tidyverse,readr,ajdamico
tidyverse,readr,bbrewington
tidyverse,readr,mawds
tidyverse,readr,md0u80c9
tidyverse,readr,zeehio
tidyverse,readr,tigertoes
tidyverse,readr,nacnudus
tidyverse,readr,gergness
tidyverse,readr,lbartnik
tidyverse,readr,blakeboswell
tidyverse,readr,daniellima123
tidyverse,readr,gutorc92
tidyverse,readr,sjackman
tidyverse,readxl,jennybc
tidyverse,readxl,jeroen
tidyverse,readxl,j6t
tidyverse,readxl,batpigandme
tidyverse,readxl,apreshill
tidyverse,readxl,breichholf
tidyverse,readxl,jimhester
tidyverse,readxl,dchiu911
tidyverse,readxl,kwstat
tidyverse,readxl,rstub
tidyverse,readxl,MichaelChirico
tidyverse,readxl,vkapartzianis
tidyverse,reprex,jennybc
tidyverse,reprex,batpigandme
tidyverse,reprex,crew102
tidyverse,reprex,mrchypark
tidyverse,reprex,lorenzwalthert
tidyverse,reprex,krlmlr
tidyverse,reprex,uribo
tidyverse,reprex,cderv
tidyverse,reprex,gergness
tidyverse,reprex,gaborcsardi
tidyverse,reprex,jimhester
tidyverse,stringr,jimhester
tidyverse,stringr,osorensen
tidyverse,stringr,yutannihilation
tidyverse,stringr,krlmlr
tidyverse,stringr,PirateGrunt
tidyverse,stringr,seanpor
tidyverse,stringr,jonocarroll
tidyverse,stringr,jrnold
tidyverse,stringr,batpigandme
tidyverse,stringr,calpan
tidyverse,stringr,karldw
tidyverse,stringr,gadenbuie
tidyverse,stringr,pachevalier
tidyverse,stringr,m0nhawk
tidyverse,stringr,ewallace
tidyverse,stringr,amhrasmussen
tidyverse,stringr,jameshowison
tidyverse,stringr,austin3dickey
tidyverse,stringr,dchiu911
tidyverse,style,dongzhuoer
tidyverse,style,jennybc
tidyverse,style,lionel-
tidyverse,style,batpigandme
tidyverse,style,billdenney
tidyverse,style,lorenzwalthert
tidyverse,style,HughParsonage
tidyverse,style,pkq
tidyverse,style,timtrice
tidyverse,style,markdly
tidyverse,style,endore
tidyverse,style,thomascwells
tidyverse,style,maurolepore
tidyverse,style,krlmlr
tidyverse,style,dpprdan
tidyverse,style,martin-mfg
tidyverse,style,kenahoo
tidyverse,style,karawoo
tidyverse,style,lindbrook
tidyverse,style,hadley
tidyverse,style,jonmcalder
tidyverse,tibble,jimhester
tidyverse,tibble,earowang
tidyverse,tibble,jennybc
tidyverse,tibble,krlmlr
tidyverse,tibble,pat-s
tidyverse,tibble,riccardopinosio
tidyverse,tibble,lionel-
tidyverse,tibble,maxheld83
tidyverse,tibble,anhqle
tidyverse,tibble,Enchufa2
tidyverse,tibble,jeffreyhanson
tidyverse,tibble,batpigandme
tidyverse,tibble,michaelweylandt
tidyverse,tibble,QuLogic
tidyverse,tibble,alexwhan
tidyverse,tibble,bgreenwell
tidyverse,tibble,kevinykuo
tidyverse,tibble,mundl
tidyverse,tidyeval,MilesMcBain
tidyverse,tidyeval,lionel-
tidyverse,tidyeval,batpigandme
tidyverse,tidyr,statwonk
tidyverse,tidyr,batpigandme
tidyverse,tidyr,lionel-
tidyverse,tidyr,romainfrancois
tidyverse,tidyr,coolbutuseless
tidyverse,tidyr,schoonees
tidyverse,tidyr,mikmart
tidyverse,tidyr,atusy
tidyverse,tidyr,wibeasley
tidyverse,tidyr,ChuliangXiao
tidyverse,tidyr,billdenney
tidyverse,tidyr,rbloehm
tidyverse,tidyr,markdly
tidyverse,tidyr,mkuehn10
tidyverse,tidyr,foundinblank
tidyverse,tidyr,echasnovski
tidyverse,tidyr,codetriage-readme-bot
tidyverse,tidyr,jjchern
tidyverse,tidyr,zeehio
tidyverse,tidyr,Dpananos
tidyverse,tidyr,aaronwolen
tidyverse,tidyr,chris-park
tidyverse,tidyr,lorenzwalthert
tidyverse,tidyr,krlmlr
tidyverse,tidyselect,karawoo
tidyverse,tidyselect,batpigandme
tidyverse,tidyselect,romainfrancois
tidyverse,tidyselect,dpprdan
tidyverse,tidytemplate,DavisVaughan
tidyverse,tidytemplate,batpigandme
tidyverse,tidytemplate,krlmlr
tidyverse,tidytemplate,jayhesselberth
tidyverse,tidytemplate,gregrs-uk
tidyverse,tidyverse,jimhester
tidyverse,tidyverse,batpigandme
tidyverse,tidyverse,PoGibas
tidyverse,tidyverse,jennybc
tidyverse,tidyverse,njtierney
tidyverse,tidyverse,yatharth
tidyverse,tidyverse,krlmlr
tidyverse,tidyverse,harrismcgehee
tidyverse,tidyverse,coatless
tidyverse,tidyverse,dchiu911
tidyverse,tidyverse,zkamvar
r-lib,ansistrings,krlmlr
r-lib,async,gaborcsardi
r-lib,async,jeroen
r-lib,backports,mllg
r-lib,bench,HughParsonage
r-lib,bench,zkamvar
r-lib,bench,espinielli
r-lib,callr,gaborcsardi
r-lib,callr,nuest
r-lib,callr,jennybc
r-lib,callr,krlmlr
r-lib,callr,wch
r-lib,callr,ChrisMuir
r-lib,callr,shrektan
r-lib,carrier,batpigandme
r-lib,carrier,lionel-
r-lib,cli,zachary-foster
r-lib,cli,dchiu911
r-lib,cli,gaborcsardi
r-lib,cli,krlmlr
r-lib,cli,hadley
r-lib,cliapp,gaborcsardi
r-lib,clisymbols,krlmlr
r-lib,covr,MichaelChirico
r-lib,covr,javierluraschi
r-lib,covr,samssann
r-lib,covr,surmann
r-lib,covr,siddharthab
r-lib,covr,renkun-ken
r-lib,covr,jimhester
r-lib,covr,gaborcsardi
r-lib,covr,kiwiroy
r-lib,covr,egnha
r-lib,covr,RolandASc
r-lib,covr,mb706
r-lib,crayon,mrchypark
r-lib,crayon,dgkf
r-lib,crayon,salim-b
r-lib,crayon,nfultz
r-lib,desc,maelle
r-lib,desc,llrs
r-lib,desc,jimhester
r-lib,desc,krlmlr
r-lib,desc,jennybc
r-lib,desc,muschellij2
r-lib,devtools,krlmlr
r-lib,devtools,jeroen
r-lib,devtools,lbusett
r-lib,devtools,kiendang
r-lib,devtools,Paxanator
r-lib,devtools,gaborcsardi
r-lib,devtools,jimhester
r-lib,devtools,batpigandme
r-lib,devtools,AmundsenJunior
r-lib,devtools,hadley
r-lib,devtools,pavel-filatov
r-lib,devtools,jennybc
r-lib,devtools,renozao
r-lib,devtools,lionel-
r-lib,devtools,kiwiroy
r-lib,devtools,ntdef
r-lib,devtools,amilenkovic
r-lib,devtools,mkearney
r-lib,devtools,wibeasley
r-lib,devtools,jayhesselberth
r-lib,devtools,rcannood
r-lib,devtools,maelle
r-lib,devtools,HughParsonage
r-lib,devtools,jdblischak
r-lib,devtools,fmichonneau
r-lib,devtools,gitter-badger
r-lib,devtools,theGreatWhiteShark
r-lib,devtools,chiarapiccino
r-lib,devtools,ChrisMuir
r-lib,devtools,nmattia
r-lib,evaluate,mllg
r-lib,evaluate,jimhester
r-lib,evaluate,yutannihilation
r-lib,evaluate,krlmlr
r-lib,fs,GegznaV
r-lib,fs,Felipe-Rubin
r-lib,fs,bleemayer
r-lib,fs,gadenbuie
r-lib,fs,rcannood
r-lib,fs,jennybc
r-lib,fs,jeroen
r-lib,fs,privefl
r-lib,fs,jimhester
r-lib,fs,kevinushey
r-lib,gargle,jennybc
r-lib,gargle,batpigandme
r-lib,generics,topepo
r-lib,generics,alexpghayes
r-lib,generics,mitchelloharawild
r-lib,generics,DavisVaughan
r-lib,gh,krlmlr
r-lib,gh,saurfang
r-lib,gh,batpigandme
r-lib,gh,jimhester
r-lib,gh,noamross
r-lib,gh,jennybc
r-lib,gh,coatless
r-lib,gtable,thomasp85
r-lib,gtable,bhive01
r-lib,gtable,ArtemSokolov
r-lib,gtable,mvkorpel
r-lib,gtable,kohske
r-lib,here,batpigandme
r-lib,here,rajanand
r-lib,here,krlmlr
r-lib,httr,peterdesmet
r-lib,httr,ctrombley
r-lib,httr,billdenney
r-lib,httr,cderv
r-lib,httr,hadley
r-lib,httr,shrektan
r-lib,httr,drewabbot
r-lib,httr,krlmlr
r-lib,httr,stefanfritsch
r-lib,httr,mtmorgan
r-lib,httr,cschroed-usgs
r-lib,httr,pohzipohzi
r-lib,httr,cosmomeese
r-lib,httr,jennybc
r-lib,httr,jmwerner
r-lib,httr,peterhartman
r-lib,httr,ChrisMuir
r-lib,httr,asieira
r-lib,httr,dominiklanger
r-lib,httrmock,lpmi-13
r-lib,keyring,Guillaume-Lombardo
r-lib,keyring,shrektan
r-lib,keyring,javierluraschi
r-lib,keyring,nbenn
r-lib,later,jcheng5
r-lib,later,wch
r-lib,later,mingwandroid
r-lib,liteq,wlandau
r-lib,lobstr,batpigandme
r-lib,memoise,richardkunze
r-lib,memoise,coolbutuseless
r-lib,memoise,xhdong-umd
r-lib,memoise,cpsievert
r-lib,memoise,karldw
r-lib,memoise,MarkEdmondson1234
r-lib,memoise,mpadge
r-lib,objectable,cderv
r-lib,oldie,batpigandme
r-lib,pillar,krlmlr
r-lib,pillar,const-ae
r-lib,pillar,lionel-
r-lib,pillar,jimhester
r-lib,pillar,batpigandme
r-lib,pillar,rkahne
r-lib,pillar,wibeasley
r-lib,pillar,ijlyttle
r-lib,pkgapi,krlmlr
r-lib,pkgapi,hughjonesd
r-lib,pkgapi,lorenzwalthert
r-lib,pkgbuild,gaborcsardi
r-lib,pkgbuild,jimhester
r-lib,pkgbuild,yutannihilation
r-lib,pkgbuild,dpprdan
r-lib,pkgbuild,njtierney
r-lib,pkgbuild,dpastoor
r-lib,pkgbuild,theGreatWhiteShark
r-lib,pkgbuild,richierocks
r-lib,pkgbuild,lionel-
r-lib,pkgcache,gaborcsardi
r-lib,pkgcache,jimhester
r-lib,pkgdepends,gaborcsardi
r-lib,pkgdown,jayhesselberth
r-lib,pkgdown,katrinleinweber
r-lib,pkgdown,noamross
r-lib,pkgdown,wibeasley
r-lib,pkgdown,jennybc
r-lib,pkgdown,hadley
r-lib,pkgdown,Bisaloo
r-lib,pkgdown,cderv
r-lib,pkgdown,bastistician
r-lib,pkgdown,yonicd
r-lib,pkgdown,goldingn
r-lib,pkgdown,kopperud
r-lib,pkgdown,DavisVaughan
r-lib,pkgdown,krlmlr
r-lib,pkgdown,jimhester
r-lib,pkgdown,maelle
r-lib,pkgdown,BarkleyBG
r-lib,pkgdown,dongzhuoer
r-lib,pkgdown,batpigandme
r-lib,pkgdown,maxheld83
r-lib,pkgdown,pat-s
r-lib,pkgdown,wenjie2wang
r-lib,pkgdown,yihui
r-lib,pkgdown,jeroen
r-lib,pkgdown,gaborcsardi
r-lib,pkgdown,aoles
r-lib,pkgdown,yutannihilation
r-lib,pkgdown,nealrichardson
r-lib,pkgdown,privefl
r-lib,pkgdown,Enchufa2
r-lib,pkgdown,AdrianHordyk
r-lib,pkgdown,czeildi
r-lib,pkgdown,lionel-
r-lib,pkgdown,romainfrancois
r-lib,pkgdown,zappingseb
r-lib,pkgdown,dracodoc
r-lib,pkgdown,lbusett
r-lib,pkgdown,ThierryO
r-lib,pkgdown,ck37
r-lib,pkgdown,rajanand
r-lib,pkgdown,nbenn
r-lib,pkgdown,ras44
r-lib,pkgdown,aaronrudkin
r-lib,pkgdown,rstub
r-lib,pkgdown,RLesur
r-lib,pkgdown,yiluheihei
r-lib,pkgdown,jthurner
r-lib,pkgdown,jaredhuling
r-lib,pkgdown,saurfang
r-lib,pkgdown,christophergandrud
r-lib,pkginstall,krlmlr
r-lib,pkginstall,gaborcsardi
r-lib,pkginstall,batpigandme
r-lib,pkginstall,jimhester
r-lib,pkginstall,hadley
r-lib,pkgload,krlmlr
r-lib,pkgload,hadley
r-lib,pkgload,isteves
r-lib,pkgload,pitakakariki
r-lib,pkgload,lionel-
r-lib,pkgload,yiufung
r-lib,pkgload,benmarwick
r-lib,pkgman,gaborcsardi
r-lib,pkgman,topepo
r-lib,pkgman,dpastoor
r-lib,pkgman,pgensler
r-lib,prettycode,randy3k
r-lib,processx,davechilders
r-lib,processx,gaborcsardi
r-lib,processx,breichholf
r-lib,processx,dchiu911
r-lib,processx,hadley
r-lib,processx,jeroen
r-lib,processx,kendonB
r-lib,processx,IronistM
r-lib,progress,devillemereuil
r-lib,progress,chendaniely
r-lib,progress,gaborcsardi
r-lib,progress,snaut
r-lib,ps,gaborcsardi
r-lib,ps,QuLogic
r-lib,ps,batpigandme
r-lib,R6,jameslamb
r-lib,R6,wch
r-lib,R6,batpigandme
r-lib,rcmdcheck,gaborcsardi
r-lib,rcmdcheck,jennybc
r-lib,rcmdcheck,jimhester
r-lib,rcmdcheck,krlmlr
r-lib,rcmdcheck,pat-s
r-lib,remotes,gaborcsardi
r-lib,remotes,overmar
r-lib,remotes,timtrice
r-lib,remotes,HenrikBengtsson
r-lib,remotes,jimhester
r-lib,remotes,kevinushey
r-lib,remotes,tnagler
r-lib,remotes,muschellij2
r-lib,remotes,ankane
r-lib,remotes,yutannihilation
r-lib,remotes,bleutner
r-lib,remotes,joshuaulrich
r-lib,remotes,dleutnant
r-lib,remotes,vsabarly
r-lib,remotes,krlmlr
r-lib,remotes,wibeasley
r-lib,remotes,imanuelcostigan
r-lib,remotes,rtobar
r-lib,remotes,ConorIA
r-lib,remotes,cderv
r-lib,revdepcheck,lionel-
r-lib,revdepcheck,jimhester
r-lib,revdepcheck,krlmlr
r-lib,rlang,lionel-
r-lib,rlang,batpigandme
r-lib,rlang,romainfrancois
r-lib,rlang,yutannihilation
r-lib,rlang,mikmart
r-lib,rlang,akbertram
r-lib,rlang,hadley
r-lib,rlang,benmarwick
r-lib,rlang,jrnold
r-lib,rlang,mkcor
r-lib,rlang,pkq
r-lib,rlang,osorensen
r-lib,rlang,krlmlr
r-lib,rlang,saghirb
r-lib,rlang,gaborcsardi
r-lib,rlang,QuLogic
r-lib,rlang,uribo
r-lib,rlang,kevinykuo
r-lib,rlang,jan-glx
r-lib,rlang,karldw
r-lib,rlang,ijlyttle
r-lib,roxygen2md,batpigandme
r-lib,roxygen2md,alexpghayes
r-lib,roxygen2md,lorenzwalthert
r-lib,rprojroot,batpigandme
r-lib,rprojroot,uribo
r-lib,rprojroot,BarkleyBG
r-lib,rprojroot,bcipolli
r-lib,rprojroot,karldw
r-lib,rprojroot,krlmlr
r-lib,rprojroot,Rekyt
r-lib,scales,jcheng5
r-lib,scales,Anirudhsekar96
r-lib,scales,clauswilke
r-lib,scales,dpseidel
r-lib,scales,sflippl
r-lib,scales,mikmart
r-lib,scales,billdenney
r-lib,scales,batpigandme
r-lib,scales,statist7
r-lib,scales,larmarange
r-lib,scales,AndreaCirilloAC
r-lib,scales,cwickham
r-lib,scales,zeehio
r-lib,scales,ThierryO
r-lib,scales,lepennec
r-lib,scales,foo-bar-baz-qux
r-lib,scales,karawoo
r-lib,scales,wch
r-lib,scales,flaviobarros
r-lib,scales,jimhester
r-lib,scales,cpsievert
r-lib,scales,hrbrmstr
r-lib,scales,jrnold
r-lib,scales,LluisRamon
r-lib,scales,aviast
r-lib,scales,dvmlls
r-lib,scales,aaronwolen
r-lib,scales,seaaan
r-lib,scales,jiho
r-lib,scales,hmalmedal
r-lib,scales,dougmitarotonda
r-lib,scales,BrianDiggs
r-lib,scales,slnovak
r-lib,scales,kohske
r-lib,scales,yihui
r-lib,sessioninfo,llrs
r-lib,sessioninfo,gaborcsardi
r-lib,sessioninfo,jennybc
r-lib,sessioninfo,patperry
r-lib,sloop,jimhester
r-lib,sloop,krlmlr
r-lib,styler,Robinlovelace
r-lib,styler,lorenzwalthert
r-lib,styler,jonmcalder
r-lib,styler,krivit
r-lib,styler,katrinleinweber
r-lib,styler,krlmlr
r-lib,styler,yutannihilation
r-lib,svglite,lionel-
r-lib,tar,richfitz
r-lib,testthat,kevinushey
r-lib,testthat,harvey131
r-lib,testthat,mbjoseph
r-lib,testthat,kforner
r-lib,testthat,Bisaloo
r-lib,testthat,jarodmeng
r-lib,testthat,AEBilgrau
r-lib,testthat,gvwilson
r-lib,testthat,comicfans
r-lib,testthat,jimhester
r-lib,testthat,cfhammill
r-lib,testthat,lbartnik
r-lib,testthat,jennybc
r-lib,testthat,batpigandme
r-lib,testthat,jalsalam
r-lib,testthat,baogorek
r-lib,testthat,mwaldstein
r-lib,testthat,pzingg
r-lib,testthat,randy3k
r-lib,testthat,bblette1
r-lib,testthat,yutannihilation
r-lib,testthat,maxheld83
r-lib,testthat,ktrask
r-lib,testthat,jrosen48
r-lib,testthat,mawds
r-lib,testthat,czeildi
r-lib,testthat,brodieG
r-lib,testthat,krlmlr
r-lib,testthat,mlysy
r-lib,usethis,maelle
r-lib,usethis,jimhester
r-lib,usethis,jennybc
r-lib,usethis,hadley
r-lib,usethis,adam-gruer
r-lib,usethis,krlmlr
r-lib,usethis,ryapric
r-lib,usethis,cderv
r-lib,usethis,muschellij2
r-lib,usethis,nijibabulu
r-lib,usethis,duckmayr
r-lib,usethis,jayhesselberth
r-lib,usethis,lbusett
r-lib,usethis,bfgray3
r-lib,usethis,rorynolan
r-lib,usethis,gvelasq
r-lib,usethis,batpigandme
r-lib,usethis,dpprdan
r-lib,usethis,pat-s
r-lib,usethis,vnijs
r-lib,usethis,markdly
r-lib,usethis,lorenzwalthert
r-lib,usethis,mine-cetinkaya-rundel
r-lib,usethis,EmilHvitfeldt
r-lib,usethis,boshek
r-lib,usethis,dragosmg
r-lib,usethis,kiwiroy
r-lib,usethis,jonocarroll
r-lib,usethis,martinjhnhadley
r-lib,usethis,malcolmbarrett
r-lib,usethis,jeroen
r-lib,usethis,dchiu911
r-lib,usethis,LiNk-NY
r-lib,usethis,uribo
r-lib,usethis,llrs
r-lib,usethis,CorradoLanera
r-lib,usethis,jdblischak
r-lib,usethis,ijlyttle
r-lib,usethis,gaborcsardi
r-lib,usethis,richierocks
r-lib,vctrs,batpigandme
r-lib,vctrs,DavisVaughan
r-lib,vctrs,hadley
r-lib,vctrs,echasnovski
r-lib,vctrs,romainfrancois
r-lib,vctrs,yutannihilation
r-lib,vctrs,krlmlr
r-lib,vctrs,njtierney
r-lib,vctrs,gergness
r-lib,whoami,maelle
r-lib,withr,javierluraschi
r-lib,withr,romainfrancois
r-lib,withr,siddharthab
r-lib,withr,jennybc
r-lib,withr,hadley
r-lib,withr,mtmorgan
r-lib,withr,gaborcsardi
r-lib,withr,krlmlr
r-lib,xml2,KZARCA
r-lib,xml2,batpigandme
r-lib,xml2,jayhesselberth
r-lib,xml2,pkrog
r-lib,xml2,Bart6114
r-lib,xmlparsedata,batpigandme
r-lib,zip,jefferis
r-dbi,bigrquery,414theodore
r-dbi,bigrquery,byapparov
r-dbi,bigrquery,rasmusab
r-dbi,bigrquery,batpigandme
r-dbi,bigrquery,j450h1
r-dbi,bigrquery,hadley
r-dbi,bigrquery,jennybc
r-dbi,bigrquery,ras44
r-dbi,bigrquery,edgararuiz
r-dbi,bigrquery,michaelquinn32
r-dbi,bigrquery,haavardw
r-dbi,bigrquery,everron
r-dbi,bigrquery,jarodmeng
r-dbi,bigrquery,Zsedo
r-dbi,bigrquery,blakeyc
r-dbi,bigrquery,realAkhmed
r-dbi,DBI,raffscallion
r-dbi,DBI,renkun-ken
r-dbi,DBI,richfitz
r-dbi,DBI,aryoda
r-dbi,DBI,jimhester
r-dbi,DBI,krlmlr
r-dbi,DBI,hannesmuehleisen
r-dbi,DBI,wibeasley
r-dbi,DBI,anhqle
r-dbi,odbc,blairj09
r-dbi,odbc,javierluraschi
r-dbi,odbc,kevinushey
r-dbi,odbc,r2evans
r-dbi,odbc,wibeasley
r-dbi,odbc,renkun-ken
r-dbi,odbc,khotilov
r-dbi,odbc,krlmlr
r-dbi,odbc,edgararuiz
r-dbi,RMariaDB,jinzhen-lin
r-dbi,RMariaDB,jeroen
r-dbi,RMySQL,jinzhen-lin
r-dbi,RMySQL,jeroen
r-dbi,RMySQL,krlmlr
r-dbi,RMySQL,alecuba16
r-dbi,RMySQL,ktmud
r-dbi,RMySQL,crossett
r-dbi,RMySQL,dveeden
r-dbi,RPostgres,harvey131
r-dbi,RPostgres,zozlak
r-dbi,RPostgres,daattali
r-dbi,RPostgres,etiennebr
r-dbi,RPostgres,krlmlr
r-dbi,RPostgres,ClaytonJY
r-dbi,RPostgres,jeroen
r-dbi,RSQLite,krlmlr
r-dbi,RSQLite,sachsmc
tidymodels,broom,thisisnic
tidymodels,broom,tyluRp
tidymodels,broom,bbolker
tidymodels,broom,karissawhiting
tidymodels,broom,topepo
tidymodels,broom,mattle24
tidymodels,broom,jmuhlenkamp
tidymodels,broom,MatthieuStigler
tidymodels,broom,jennybc
tidymodels,broom,alexpghayes
tidymodels,broom,billdenney
tidymodels,broom,medinali
tidymodels,broom,lukesonnet
tidymodels,broom,haozhu233
tidymodels,broom,PirateGrunt
tidymodels,broom,ltobalina
tidymodels,broom,pjpaulpj
tidymodels,broom,CharlesNaylor
tidymodels,broom,pkq
tidymodels,broom,ethchr
tidymodels,broom,ellessenne
tidymodels,broom,brunolucian
tidymodels,broom,bschneidr
tidymodels,broom,shabbybanks
tidymodels,broom,bfgray3
tidymodels,broom,dgrtwo
tidymodels,broom,batpigandme
tidymodels,broom,karldw
tidymodels,broom,josue-rodriguez
tidymodels,broom,erleholgersen
tidymodels,broom,mvevans89
tidymodels,broom,mkuehn10
tidymodels,broom,nutterb
tidymodels,broom,jimhester
tidymodels,broom,Hong-Revo
tidymodels,broom,bmannakee
tidymodels,broom,ShreyasSingh
tidymodels,broom,atyre2
tidymodels,broom,cimentadaj
tidymodels,broom,jarvisc1
tidymodels,broom,larmarange
tidymodels,broom,mariusbarth
tidymodels,broom,wilsonfreitas
tidymodels,broom,huftis
tidymodels,broom,michaelweylandt
tidymodels,broom,jenzopr
tidymodels,broom,jgabry
tidymodels,broom,hughjonesd
tidymodels,broom,dchiu911
tidymodels,broom,corybrunson
tidymodels,broom,yutannihilation
tidymodels,broom,wjakethompson
tidymodels,broom,jayhesselberth
tidymodels,broom,lemna
tidymodels,broom,philmikejones
tidymodels,broom,mjskay
tidymodels,broom,adibender
tidymodels,broom,bensoltoff
tidymodels,broom,dmenne
tidymodels,broom,puterleat
tidymodels,broom,kevinykuo
tidymodels,broom,jrnold
tidymodels,broom,joranE
tidymodels,broom,rentrop
tidymodels,broom,RemkoDuursma
tidymodels,broom,atheriel
tidymodels,broom,talgalili
tidymodels,broom,m-sostero
tidymodels,broom,stillmatic
tidymodels,broom,MarcusWalz
tidymodels,broom,KZARCA
tidymodels,broom,drsimonj
tidymodels,broom,jbiesanz
tidymodels,broom,mdlincoln
tidymodels,broom,lepennec
tidymodels,broom,jlegewie
tidymodels,broom,paul-buerkner
tidymodels,broom,mbojan
tidymodels,broom,rtaph
tidymodels,broom,krlmlr
tidymodels,broom,lmullen
tidymodels,broom,lselzer
tidymodels,broom,aayala15
tidymodels,broom,joelgombin
tidymodels,broom,gavinsimpson
tidymodels,broom,jemus42
tidymodels,broom,ahoho
tidymodels,broom,sinhrks
tidymodels,broom,andrewjlm
tidymodels,broom,setempler
tidymodels,broom,helix123
tidymodels,broom,briatte
tidymodels,broom,lwjohnst86
tidymodels,broom,junkka
tidymodels,broom,jiho
tidymodels,broom,zeehio
tidymodels,broom,Ironholds
tidymodels,broom,hadley
tidymodels,broom,hmalmedal
tidymodels,broom,bdemeshev
tidymodels,broom,matthieugomez
tidymodels,dials,topepo
tidymodels,dials,DavisVaughan
tidymodels,embed,topepo
tidymodels,embed,artichaud1
tidymodels,embed,alexpghayes
tidymodels,embed,eddelbuettel
tidymodels,infer,echasnovski
tidymodels,infer,PirateGrunt
tidymodels,infer,ismayc
tidymodels,infer,alexpghayes
tidymodels,infer,rudeboybert
tidymodels,infer,richierocks
tidymodels,infer,corinne-riddell
tidymodels,infer,andrewpbray
tidymodels,infer,topepo
tidymodels,infer,jimrothstein
tidymodels,infer,doug-friedman
tidymodels,infer,nfultz
tidymodels,infer,beanumber
tidymodels,infer,mine-cetinkaya-rundel
tidymodels,parsnip,EmilHvitfeldt
tidymodels,parsnip,DavisVaughan
tidymodels,parsnip,grayskripko
tidymodels,parsnip,topepo
tidymodels,parsnip,alexpghayes
tidymodels,parsnip,artichaud1
tidymodels,parsnip,ledell
tidymodels,parsnip,hlynurhallgrims
tidymodels,parsnip,dynamicwebpaige
tidymodels,probably,DavisVaughan
tidymodels,recipes,GoldbergData
tidymodels,recipes,topepo
tidymodels,recipes,DavisVaughan
tidymodels,recipes,lorenzwalthert
tidymodels,recipes,jameslairdsmith
tidymodels,recipes,smaakage85
tidymodels,recipes,artichaud1
tidymodels,recipes,EmilHvitfeldt
tidymodels,recipes,fxdlmatt
tidymodels,recipes,lawwu
tidymodels,recipes,batpigandme
tidymodels,recipes,EdwinTh
tidymodels,recipes,karissawhiting
tidymodels,recipes,jrnold
tidymodels,recipes,michaellevy
tidymodels,recipes,rudeboybert
tidymodels,recipes,alexpghayes
tidymodels,recipes,tareefk
tidymodels,recipes,kevinykuo
tidymodels,recipes,lionel-
tidymodels,recipes,terrytangyuan
tidymodels,rsample,l4u532
tidymodels,rsample,fbchow
tidymodels,rsample,topepo
tidymodels,rsample,DavisVaughan
tidymodels,rsample,timtrice
tidymodels,rsample,ClaytonJY
tidymodels,rsample,abichat
tidymodels,rsample,EdwinTh
tidymodels,rsample,batpigandme
tidymodels,rsample,LluisRamon
tidymodels,rsample,duju211
tidymodels,textrecipes,EmilHvitfeldt
tidymodels,textrecipes,DavisVaughan
tidymodels,textrecipes,topepo
tidymodels,textrecipes,kanishkamisra
tidymodels,tidymodels,topepo
tidymodels,tidymodels,njtierney
tidymodels,tidyposterior,DavisVaughan
tidymodels,tidyposterior,topepo
tidymodels,tidyposterior,ezequielpaura
tidymodels,tidyposterior,aeklant
tidymodels,tidyposterior,lawwu
tidymodels,yardstick,DavisVaughan
tidymodels,yardstick,dandermotj
tidymodels,yardstick,schoonees
tidymodels,yardstick,topepo
tidymodels,yardstick,llrs
tidymodels,yardstick,tereom
tidymodels,yardstick,ClaytonJY
tidymodels,yardstick,csetraynor
tidymodels,yardstick,Alanocallaghan
tidymodels,yardstick,pierreroudier
tidymodels,yardstick,batpigandme
